Feature Set,Feats,C_mean,C_lo,C_hi,Null_mean,Null_hi,dC_mean,dC_lo,dC_hi,vsNoise_mean,vsNoise_lo,vsNoise_hi,NoiseRef,Verdict
Celltype + delaunay(256),272,0.71904485685047,0.6875519541380246,0.7468826663260841,0.4781540212823273,0.5367067055574681,0.03325308754005776,0.010376668247649063,0.059079030412125644,0.05723636923007001,0.021066184626899714,0.1118800546758034,Celltype + Noise(256),REAL SIGNAL (beats noise)
Celltype + Enrichment,21,0.7078328445824738,0.6776331852170525,0.7401491874018098,0.4892113035650162,0.5489319741052773,0.022041075272061318,0.005487038647068352,0.04406736417591444,0.018040536089934844,-0.008930828550559593,0.04111236386856748,Celltype + Noise(5),indistinguishable from noise
Celltype + Noise(5),21,0.6897923084925389,0.6702682205732279,0.7070697543083401,0.49826022352317334,0.5552251093944907,0.004000539182126473,-0.011948913130805755,0.025206733912253428,,,,,dilution control
Celltype Proportions,16,0.6857917693104122,0.6567370274419161,0.7112698017183019,0.4845597759426489,0.5396665320448546,,,,,,,,baseline
Celltype + Noise(256),272,0.6618084876204001,0.6228688953618029,0.7021562429248858,0.499955864944437,0.5428967627802604,-0.023983281690012237,-0.057593492521186444,0.011806963293757035,,,,,dilution control
Enrichment alone,5,0.5960402891681207,0.5652081709171076,0.6267837937033377,0.5076099071594685,0.5878597666772432,-0.08975148014229176,-0.13629031227643518,-0.04201746040542471,,,,,HURTS vs baseline
