Feature Set,Feats,C_mean,C_lo,C_hi,Null_mean,Null_hi,dC_mean,dC_lo,dC_hi,vsNoise_mean,vsNoise_lo,vsNoise_hi,Verdict
Celltype + Noise(12),28,0.6971924559440019,0.6599333831553699,0.7300587918894454,0.46755212375974275,0.5130853710934858,0.01934652946565225,-0.015039741067553736,0.051991492020364176,,,,dilution control
Celltype + delaunay,272,0.6899422955704165,0.6533210204112422,0.7380829759061995,0.4743682940724563,0.5210211566732051,0.012096369092066833,-0.031515866499176134,0.0463375148317907,-0.007250160373585418,-0.0456411802126459,0.02372704845704597,indistinguishable from noise
Celltype + delaunay + TwoView,284,0.6841393973106691,0.6620921520688664,0.7191313656069095,0.4692208715309378,0.5479297234446832,0.0062934708323194866,-0.029618601818287352,0.027021506369652743,-0.013053058633332764,-0.036708766469128525,0.007702814294898737,indistinguishable from noise
Celltype Proportions,16,0.6778459264783498,0.6404443132765536,0.714147795363044,0.46555785922353454,0.5288529246714694,,,,,,,baseline
Celltype + TwoView,28,0.6645836011263004,0.6288169076253284,0.6957242494273986,0.48980647703959423,0.5791518334595344,-0.013262325352049197,-0.03806671203822714,0.007380486701914439,-0.03260885481770145,-0.0731068678228216,-0.0049662006373828475,worse than noise
Two-view alone,12,0.608273956225782,0.5661585276730455,0.6330877525141321,0.5038618232327589,0.5869903987312584,-0.06957197025256782,-0.10010875407579906,-0.03251944852855708,-0.0889184997182201,-0.14308253305880225,-0.048058499014168844,worse than noise
